Suburb,Site,Exposure period,Notes,Date added,Health advice
Abbotsford,Dukes Gym Abbotsford 571-573 Victoria Street Abbotsford VIC 3067,24/05/2021 6:15pm - 8:15pm,Case attended venue,26/05/2021,Anyone who has visited this location during these times must get tested immediately and quarantine for 14 days from the exposure.
Arthurs Seat,Enchanted Adventure Garden 55 Purves Road Arthurs Seat VIC 3936,21/05/2021 11:25am - 3:00pm,Case attended,30/05/2021,Anyone who has visited this location during these times must get tested immediately and quarantine for 14 days from the exposure.
Aspendale Gardens,Chelsea Heights Hotel Springvale Road & Wells Road Aspendale Gardens VIC 3196,23/05/2021 12:10pm - 1:30pm,Case dined at venue,27/05/2021,Anyone who has visited this location during these times must get tested immediately and quarantine for 14 days from the exposure.
Axedale,Axedale Tavern 105 High Street Axedale VIC 3551,23/05/2021 11:45am - 1:30pm,Case attended function,26/05/2021,Anyone who has visited this location during these times must get tested immediately and quarantine for 14 days from the exposure.
Balwyn,Endless Lifestyle Studio  Shop 3/188 Whitehorse Road  Balwyn VIC 3103,23/05/2021 9:45am - 12:40pm,Case attended venue,26/05/2021,Anyone who has visited this location during these times must get tested immediately and quarantine for 14 days from the exposure.
Bayswater North,Mcdonalds Bayswater North 296 Canterbury Road Bayswater North VIC 3153,21/05/2021 11:00pm - 12:00am,Case dined in restaurant,26/05/2021,Anyone who has visited this location during these times must get tested immediately and quarantine for 14 days from the exposure.
Bendigo,Hairfolk 33 Williamson Street Bendigo VIC 3550,22/05/2021 9:40am - 10:10am,Case attended venue,26/05/2021,"Anyone who has visited this location during these times should urgently get tested, then isolate until confirmation of a negative result. Continue to monitor for symptoms, get tested again if symptoms appear."
Braeside,Shell Coles Express Braeside 918 - 928 Springvale Road Cnr Governor Road Braeside VIC 3064,22/05/2021 8:15am - 9:00am,Case attended venue,29/05/2021,"Anyone who has visited this location during these times should urgently get tested, then isolate until confirmation of a negative result. Continue to monitor for symptoms, get tested again if symptoms appear."
Brighton,Brighton Beach Hotel 4 The Esplanade Brighton VIC 3186,23/05/2021 3:09pm - 4:52pm,Case attended venue,30/05/2021,"Anyone who has visited this location during these times should urgently get tested, then isolate until confirmation of a negative result. Continue to monitor for symptoms, get tested again if symptoms appear."
Brunswick,Futsal Brunswick 409 Victoria Street Brunswick VIC 3056,23/05/2021 9:00am - 10:00am,Case attended venue. The Department may provide you with specific advice depending on what activity you participated in at this exposure site.,24/05/2021,"Anyone who has visited this location during these times should urgently get tested, then isolate until confirmation of a negative result. Continue to monitor for symptoms, get tested again if symptoms appear."
Brunswick,"Barkly Square: Priceline, Kmart, Woolworths, OPSM Barkly Square Shopping Centre, 90-160 Sydney Rd Brunswick VIC 3056",22/05/2021 1:15pm - 2:30pm,"Case attended venue, walked around the centre and into some shops with limited purchases",26/05/2021,"Anyone who has visited this location during these times should urgently get tested, then isolate until confirmation of a negative result. Continue to monitor for symptoms, get tested again if symptoms appear."
Brunswick,"OPSM Barkly Square Barkly Square Shopping Centre, 90-160 Sydney Rd Brunswick VIC 3056",22/05/2021 3:45pm - 4:15pm,Case attended venue,27/05/2021,"Anyone who has visited this location during these times should urgently get tested, then isolate until confirmation of a negative result. Continue to monitor for symptoms, get tested again if symptoms appear."
Brunswick East,"Dan Murphy's Brunswick East 513 Lygon St, Brunswick East Brunswick East VIC 3057",22/05/2021 2:30pm - 3:00pm,Case attended venue,28/05/2021,"Anyone who has visited this location during these times should urgently get tested, then isolate until confirmation of a negative result. Continue to monitor for symptoms, get tested again if symptoms appear."
Bundoora,Jump! Swim Schools Bundoora 4/37 The Concord Bundoora VIC 3083,21/05/2021 8:55am - 10:15am,Case attended venue,24/05/2021,Anyone who has visited this location during these times must get tested immediately and quarantine for 14 days from the exposure.
Bundoora,"Anytime Fitness Shop TG-01, Uni Hill Town Centre, 1-3 Janefield Drive Bundoora VIC 3083",23/05/2021 3:40pm - 5:30pm,Case attended venue,26/05/2021,Anyone who has visited this location during these times must get tested immediately and quarantine for 14 days from the exposure.
Bundoora,"Anytime Fitness Shop TG-01, Uni Hill Town Centre, 1-3 Janefield Drive Bundoora VIC 3083",24/05/2021 4:50pm - 5:50pm,Case attended venue,26/05/2021,Anyone who has visited this location during these times must get tested immediately and quarantine for 14 days from the exposure.
Bundoora,Bung Pai Thai Massage Bundoora 11/1320 Plenty Road Bundoora VIC 3083,24/05/2021 4:15pm - 6:15pm,Case attended venue,27/05/2021,Anyone who has visited this location during these times must get tested immediately and quarantine for 14 days from the exposure.
Bundoora,"La Trobe University, Library Level 1 Plenty Road & Kingsbury Drive Bundoora VIC 3086",25/05/2021 11:45am - 2:30pm,Case attended venue,29/05/2021,Anyone who has visited this location during these times must get tested immediately and quarantine for 14 days from the exposure.
Bundoora,"La Trobe University, Library All Levels (Except level 1) Plenty Road & Kingsbury Drive Bundoora VIC 3086",25/05/2021 11:45am - 2:30pm,Case attended venue,29/05/2021,"Anyone who has visited this location during these times should urgently get tested, then isolate until confirmation of a negative result. Continue to monitor for symptoms, get tested again if symptoms appear."
Bundoora,"IGA Agora Express (La Trobe University) La Trobe University, Melbourne Campus, Shop 1 Agora East, Bundoora VIC 3083 Bundoora VIC 3083",25/05/2021 11:20am - 12:15pm,Case attended,30/05/2021,Anyone who has visited this location during these times must get tested immediately and quarantine for 14 days from the exposure.
Bundoora,"DFO Uni Hill - Champion, Melrose Avenue, Quiksilver, Factorie and Edge 2 Janefield Drive Bundoora VIC 3083",25/05/2021 2:47pm - 4:07pm,Case attended,30/05/2021,"Anyone who has visited this location during these times should urgently get tested, then isolate until confirmation of a negative result. Continue to monitor for symptoms, get tested again if symptoms appear."
Burwood East,Burwood Teppanyaki House 145 Burwood Highway Burwood East VIC 3151,22/05/2021 7:30pm - 9:40pm,Case attended venue,26/05/2021,Anyone who has visited this location during these times must get tested immediately and quarantine for 14 days from the exposure.
Bus Route,PTV Bus Number 412 Central Square Shopping Centre/Merton Street to Footscray Station Bus Route VIC,27/05/2021 5:40am - 6:25am,Case travelled on public transport from Central Square Shopping Centre Merton Stop to Footscray Station,30/05/2021,Anyone who has visited this location during these times must get tested immediately and quarantine for 14 days from the exposure.
Bus Route,PTV Bus Number 412 Paisley Street/Footscray to Millers Road/Geelong Bus Route VIC,27/05/2021 2:30pm - 2:44pm,Case travelled on public transport,30/05/2021,Anyone who has visited this location during these times must get tested immediately and quarantine for 14 days from the exposure.
Bus Route,PTV Bus Number 412 Central Square Shopping Centre/Merton Stop to Footscray Station Bus Route VIC,26/05/2021 5:37am - 5:37am,"Case travelled on public transport from Footscray Station to Emu Road/Hampstead Road, Maidstone",30/05/2021,Anyone who has visited this location during these times must get tested immediately and quarantine for 14 days from the exposure.
Bus Route,PTV Bus Number 406 Emu Road/Smith Street to Footscray Station Bus Route VIC,26/05/2021 1:27pm - 1:44pm,Case travelled on public transport from Emu Road/Smith Street to Footscray Station,30/05/2021,Anyone who has visited this location during these times must get tested immediately and quarantine for 14 days from the exposure.
Bus Route,PTV Bus Number 406 Footscray Station to Emu Road/Hampstead Road (Maidstone) Bus Route VIC,26/05/2021 6:34am - 6:50am,"Case travelled on public transport from Footscray Station to Emu Road/Hampstead Road, Maidstone",30/05/2021,Anyone who has visited this location during these times must get tested immediately and quarantine for 14 days from the exposure.
Bus Route,PTV Bus Number 412 Central Square Shopping Centre/Merton Stop to Footscray Station Bus Route VIC,26/05/2021 5:37am - 6:25am,Case travelled on public transport from Central Square Shopping Centre Merton Stop to Footscray Station,31/05/2021,Anyone who has visited this location during these times must get tested immediately and quarantine for 14 days from the exposure.
Bus Route,"PTV Bus Number 406 Footscray Station to Emu Road/Hampstead Road, Maidstone Bus Route VIC",27/05/2021 6:35am - 7:20am,"Case travelled on public transport from Footscray Station to Emu Road/Hampstead Road, Maidstone",31/05/2021,Anyone who has visited this location during these times must get tested immediately and quarantine for 14 days from the exposure.
Bus Route,"PTV Bus Number 406 Emu Road/Hampstead Road, Maidstone to Footscray Station Bus Route VIC",27/05/2021 1:27pm - 2:15pm,"Case travelled on public transport from Emu Road/Hampstead Road, Maidstone to Footscray Station",31/05/2021,Anyone who has visited this location during these times must get tested immediately and quarantine for 14 days from the exposure.
Bus Route,"PTV Bus Number 412 Footscray Station, Paisley Street to Central Square Shopping Centre stop Bus Route VIC",27/05/2021 2:39pm - 3:52pm,Case travelled on scheduled 14:30 Service,31/05/2021,Anyone who has visited this location during these times must get tested immediately and quarantine for 14 days from the exposure.
Campbellfield,Metricon Homes- Campbellfield Office 108 National Blvd Campbellfield VIC 3061,25/05/2021 1:33pm - 2:36pm,Case attended,30/05/2021,Anyone who has visited this location during these times must get tested immediately and quarantine for 14 days from the exposure.
Campbellfield,Shaan A Punjab Haveli 10/1805 Sydney Road Campbellfield VIC 3061,12/05/2021 3:45pm - 4:20pm,Case attended venue,31/05/2021,"Anyone who has visited this location during these times should monitor for symptoms - If symptoms develop, immediately get tested and isolate until you receive a negative result."
Carlton,"RMIT Campus, Building 56 115 Queensberry Street  Carlton VIC 3053",21/05/2021 8:00am - 10:30am,Case attended Building 56,26/05/2021,"Anyone who has visited this location during these times should urgently get tested, then isolate until confirmation of a negative result. Continue to monitor for symptoms, get tested again if symptoms appear."
Carlton,Green Man's Arms 418 Lygon Sreet Carlton VIC 3053,23/05/2021 1:20pm - 2:15pm,Case dined at venue,27/05/2021,Anyone who has visited this location during these times must get tested immediately and quarantine for 14 days from the exposure.
Carlton,"RMIT Campus, Building 57 (Edward Jackson Building) 53 Lygon Street Carlton VIC 3053",13/05/2021 8:00am - 4:00pm,Case attended venue,27/05/2021,"Anyone who has visited this location during these times should monitor for symptoms - If symptoms develop, immediately get tested and isolate until you receive a negative result."
Carnegie,Bicycle Superstore 1030 Dandenong Road Carnegie VIC 3163,23/05/2021 3:33pm - 4:00pm,Case attended venue,26/05/2021,Anyone who has visited this location during these times must get tested immediately and quarantine for 14 days from the exposure.
Carrum Downs,Sabrini Foods 77 Boundary Road Carrum Downs VIC 3201,19/05/2021 2:00pm - 6:00pm,Case attended venue,28/05/2021,Anyone who has visited this location during these times must get tested immediately and quarantine for 14 days from the exposure.
Chadstone,Zimmerman Chadstone 1341 Dandenong Road Chadstone VIC 3145,26/05/2021 12:50pm - 1:30pm,Case attended venue,30/05/2021,"Anyone who has visited this location during these times should urgently get tested, then isolate until confirmation of a negative result. Continue to monitor for symptoms, get tested again if symptoms appear."
Chelsea Heights,Subway Chelsea Heights 1-3 Piper Drive Chelsea Heights VIC 3196,25/05/2021 11:30am - 12:15pm,Case attended venue,31/05/2021,Anyone who has visited this location during these times must get tested immediately and quarantine for 14 days from the exposure.
Clifton Hill,McDonald's Clifton Hill - Dine-in Only 199 Queens Parade Clifton Hill VIC 3068,22/05/2021 6:00pm - 7:00pm,Case dined inside venue,24/05/2021,Anyone who has visited this location during these times must get tested immediately and quarantine for 14 days from the exposure.
Coburg,BP Southvale 303 Bell Street Coburg VIC 3058,22/05/2021 8:10am - 8:30am,Case attended venue,26/05/2021,"Anyone who has visited this location during these times should urgently get tested, then isolate until confirmation of a negative result. Continue to monitor for symptoms, get tested again if symptoms appear."
Coburg,The Nicholson Coffee House 6/14-20 Nicholson Street Coburg VIC 3058,22/05/2021 12:00pm - 1:00pm,Case sat inside cafe,26/05/2021,Anyone who has visited this location during these times must get tested immediately and quarantine for 14 days from the exposure.
Coburg,Ritchies IGA Pentridge 1 Champ Street Coburg VIC 3058,24/05/2021 6:45pm - 7:25pm,Case attended venue,26/05/2021,"Anyone who has visited this location during these times should urgently get tested, then isolate until confirmation of a negative result. Continue to monitor for symptoms, get tested again if symptoms appear."
Coburg,IGA Coburg 12-20 Nicholson Street Coburg VIC 3058,22/05/2021 2:30pm - 2:50pm,Case attended venue,26/05/2021,"Anyone who has visited this location during these times should urgently get tested, then isolate until confirmation of a negative result. Continue to monitor for symptoms, get tested again if symptoms appear."
Coburg,Pentridge Cinema Coburg (Palace Cinema) 1 Champ Street Coburg VIC 3058,24/05/2021 6:45pm - 9:30pm,Case attended venue. Tier 2 advice applies for patrons who attended the cinema at this time but who did not attend the 7pm screening of 'Those Who Wish Me Dead'.,27/05/2021,"Anyone who has visited this location during these times should urgently get tested, then isolate until confirmation of a negative result. Continue to monitor for symptoms, get tested again if symptoms appear."
Coburg,Pentridge Cinema Coburg (Palace Cinema) - 7pm screening of 'Those Who Wish Me Dead' 1 Champ Street Coburg VIC 3058,24/05/2021 6:45pm - 9:30pm,Case attended 7pm screening of 'Those Who Wish Me Dead'. Please see additional site for those that attended the cinema at the times of concern but who did not attend this screening.,27/05/2021,Anyone who has visited this location during these times must get tested immediately and quarantine for 14 days from the exposure.
Cohuna,"Cohuna Football and Netball Club, Cohuna Recreation Reserve Island Road Cohuna VIC 3568",22/05/2021 12:00pm - 5:00pm,"Case watched multiple netball games, visited canteen (inside) and used outdoor public toilets",26/05/2021,"Anyone who has visited this location during these times should urgently get tested, then isolate until confirmation of a negative result. Continue to monitor for symptoms, get tested again if symptoms appear."
Craigieburn,"The Coffee Club - Craigieburn Central Craigieburn Central, Shop B00, 15/350 Craigieburn Road Craigieburn VIC 3064",23/05/2021 10:00am - 11:30am,Case attended venue,27/05/2021,Anyone who has visited this location during these times must get tested immediately and quarantine for 14 days from the exposure.
Craigieburn,Dosa Hut Craigieburn Shop D1/420-440 Craigieburn Road Craigieburn VIC 3064,25/05/2021 5:45pm - 7:15pm,Case attended venue,28/05/2021,Anyone who has visited this location during these times must get tested immediately and quarantine for 14 days from the exposure.
Craigieburn,Edu-Kingdom College 67A Hamilton Street Craigieburn VIC 3064,22/05/2021 1:20pm - 5:00pm,Case attended venue,29/05/2021,Anyone who has visited this location during these times must get tested immediately and quarantine for 14 days from the exposure.
Craigieburn,PTV Bus Number 525 Highland SC/Grand Bvd to Donnybrook Rd/Dwyer Street Craigieburn VIC 3064,19/05/2021 3:15pm - 4:45pm,From Highland SC/Grand Bvd to Donnybrook Rd/Dwyer Street,30/05/2021,Anyone who has visited this location during these times must get tested immediately and quarantine for 14 days from the exposure.
Craigieburn,PTV Bus Number 525 Highland SC/Grand Bvd to Donnybrook Rd/Dwyer Street Craigieburn VIC 3064,25/05/2021 3:15pm - 4:45pm,From Highland SC/Grand Bvd to Donnybrook Rd/Dwyer Street,30/05/2021,Anyone who has visited this location during these times must get tested immediately and quarantine for 14 days from the exposure.
Craigieburn,Ambarsari Dhaba 3/38 Craigieburn Road Craigieburn VIC 3064,26/05/2021 7:20pm - 8:00pm,Case collected take away,30/05/2021,"Anyone who has visited this location during these times should urgently get tested, then isolate until confirmation of a negative result. Continue to monitor for symptoms, get tested again if symptoms appear."
Craigieburn,Big W Craigieburn 340 Craigieburn Road Craigieburn VIC 3064,20/05/2021 11:30am - 12:30pm,Case attended venue,30/05/2021,Anyone who has visited this location during these times must get tested immediately and quarantine for 14 days from the exposure.
Cranbourne,"LeNails Cranbourne Shop 101 Cranbourne Park Shopping Centre, High Street Cranbourne VIC 3977",22/05/2021 1:15pm - 2:15pm,Case attended venue,27/05/2021,Anyone who has visited this location during these times must get tested immediately and quarantine for 14 days from the exposure.
Cranbourne,Gami Rasa Restaurant 19 Hotham Street Cranbourne VIC 3977,21/05/2021 6:00pm - 7:50pm,Case attended venue,30/05/2021,"Anyone who has visited this location during these times should urgently get tested, then isolate until confirmation of a negative result. Continue to monitor for symptoms, get tested again if symptoms appear."
Cranbourne,7-Eleven Cranbourne Amstel 1/1016s Cranbourne-Frankston Rd Cranbourne VIC 3977,22/05/2021 2:20pm - 2:55pm,Case attended venue,30/05/2021,"Anyone who has visited this location during these times should urgently get tested, then isolate until confirmation of a negative result. Continue to monitor for symptoms, get tested again if symptoms appear."
Cranbourne,"Factorie Shop SP104 Cranbourne Park Shopping Centre, High St Cranbourne VIC 3977",23/05/2021 11:00am - 11:45am,Case attended venue,30/05/2021,"Anyone who has visited this location during these times should urgently get tested, then isolate until confirmation of a negative result. Continue to monitor for symptoms, get tested again if symptoms appear."
Cranbourne,Oporto Cranbourne Chicken 1016 Cranbourne-Frankston Rd Cranbourne VIC 3977,23/05/2021 2:50pm - 3:25pm,Case attended venue,30/05/2021,"Anyone who has visited this location during these times should urgently get tested, then isolate until confirmation of a negative result. Continue to monitor for symptoms, get tested again if symptoms appear."
Cranbourne,Connor Cranbourne Park Shopping Centre 132 High Street Cranbourne VIC 3977,23/05/2021 10:50am - 11:30am,Case attended venue,31/05/2021,"Anyone who has visited this location during these times should urgently get tested, then isolate until confirmation of a negative result. Continue to monitor for symptoms, get tested again if symptoms appear."
Cranbourne West,Woolworths Cranbourne West Cnr Hall and Evans Roads Cranbourne West VIC 3977,22/05/2021 2:25pm - 3:15pm,Case attended venue,30/05/2021,"Anyone who has visited this location during these times should urgently get tested, then isolate until confirmation of a negative result. Continue to monitor for symptoms, get tested again if symptoms appear."
Dandenong,Spice Inn Groceries 4 16-46 Cleeland Street Dandenong VIC 3175,19/05/2021 1:00pm - 1:40pm,Case attended venue,28/05/2021,Anyone who has visited this location during these times must get tested immediately and quarantine for 14 days from the exposure.
Dandenong,Bestway Supermarket 200-208 Lonsdale Street Dandenong VIC 3175,19/05/2021 12:15pm - 1:15pm,Case attended venue,28/05/2021,Anyone who has visited this location during these times must get tested immediately and quarantine for 14 days from the exposure.
Dandenong,Bestway Supermarket 21-23 Cleeland Street Dandenong VIC 3175,19/05/2021 1:00pm - 1:40pm,Case attended venue,28/05/2021,Anyone who has visited this location during these times must get tested immediately and quarantine for 14 days from the exposure.
Dandenong,Marmara Halal Meats 141- 145 Lonsdale Street Dandenong VIC 3175,19/05/2021 11:35am - 12:25pm,Case attended venue,28/05/2021,Anyone who has visited this location during these times must get tested immediately and quarantine for 14 days from the exposure.
Docklands,Marvel Stadium - (Level 1 Aisles 5-28 and Level 3 Aisles 6-29) 740 Bourke St Docklands VIC 3008,23/05/2021 4:30pm - 7:30pm,Case attended facility,26/05/2021,"Anyone who has visited this location during these times should urgently get tested, then isolate until confirmation of a negative result. Continue to monitor for symptoms, get tested again if symptoms appear."
Docklands,Marvel Stadium - all other zones not individually listed 740 Bourke St Docklands VIC 3008,23/05/2021 4:30pm - 7:30pm,Case attended venue,26/05/2021,"Anyone who has visited this location during these times should monitor for symptoms - If symptoms develop, immediately get tested and isolate until you receive a negative result."
Docklands,Network Public Bar 14/99 Spencer Street Docklands VIC 3008,23/05/2021 3:30pm - 5:00pm,Case attended venue,27/05/2021,Anyone who has visited this location during these times must get tested immediately and quarantine for 14 days from the exposure.
Docklands,Hungry Jacks - Southern Cross Station 14/99 Spencer Street Docklands VIC 3008,23/05/2021 7:30pm - 7:40pm,Case attended venue,27/05/2021,"Anyone who has visited this location during these times should monitor for symptoms - If symptoms develop, immediately get tested and isolate until you receive a negative result."
Docklands,"Southern Cross Station, Toilets Under Bourke Street Bridge 14/99 Spencer Street Docklands VIC 3059",23/05/2021 7:35pm - 8:15pm,Case attended venue,27/05/2021,"Anyone who has visited this location during these times should urgently get tested, then isolate until confirmation of a negative result. Continue to monitor for symptoms, get tested again if symptoms appear."
Doncaster,"Betty's Burgers & Concrete Co. (Westfield Doncaster) Tenancy R1 & R2, Level 2, 619 Doncaster Road Doncaster VIC 3108",23/05/2021 7:40pm - 9:30pm,Case attended venue,27/05/2021,Anyone who has visited this location during these times must get tested immediately and quarantine for 14 days from the exposure.
Doncaster East,United Service Station Doncaster East 183-185 Reynolds Road Doncaster East VIC 3109,15/05/2021 4:50pm - 5:30pm,Case attended venue,31/05/2021,"Anyone who has visited this location during these times should monitor for symptoms - If symptoms develop, immediately get tested and isolate until you receive a negative result."
Doreen,Laurimar Medical Centre 120 - 122 Painted Hills Road Doreen VIC 3754,25/05/2021 10:15am - 11:10am,Case attended,30/05/2021,"Anyone who has visited this location during these times should urgently get tested, then isolate until confirmation of a negative result. Continue to monitor for symptoms, get tested again if symptoms appear."
Doreen,Woolworths Laurimar 95 Hazel Glen Drive Doreen VIC 3754,26/05/2021 9:02am - 9:15am,Case attended venue,30/05/2021,"Anyone who has visited this location during these times should urgently get tested, then isolate until confirmation of a negative result. Continue to monitor for symptoms, get tested again if symptoms appear."
Elwood,Turtle Cafe Elwood 34 Glen Huntly Rd Elwood VIC 3184,24/05/2021 7:42am - 8:20am,Case attended venue,30/05/2021,"Anyone who has visited this location during these times should urgently get tested, then isolate until confirmation of a negative result. Continue to monitor for symptoms, get tested again if symptoms appear."
Epping,ALDI Epping 347-371 Dalton Road Epping VIC 3076,23/05/2021 6:00pm - 7:30pm,Case attended venue,24/05/2021,"Anyone who has visited this location during these times should urgently get tested, then isolate until confirmation of a negative result. Continue to monitor for symptoms, get tested again if symptoms appear."
Epping,"Chemist Depot Epping, Pacific Epping Shoping Centre 571-583 High Street Epping VIC 3076",23/05/2021 11:15am - 12:00pm,Case attended venue,24/05/2021,"Anyone who has visited this location during these times should urgently get tested, then isolate until confirmation of a negative result. Continue to monitor for symptoms, get tested again if symptoms appear."
Epping,"Chemist Warehouse Shop 15, Dalton Village, 351-371 Dalton Road Epping VIC 3076",19/05/2021 6:45pm - 8:00pm,Case attended venue,25/05/2021,"Anyone who has visited this location during these times should urgently get tested, then isolate until confirmation of a negative result. Continue to monitor for symptoms, get tested again if symptoms appear."
Epping,Coles Epping Shop Number Q002. Pacific Epping Cooper Street & High street Epping VIC 3076,20/05/2021 6:45pm - 7:35pm,Case attended venue,26/05/2021,Anyone who has visited this location during these times must get tested immediately and quarantine for 14 days from the exposure.
Epping,Epping North Shopping Centre 2 Lyndarum Drive Epping VIC 3076,22/05/2021 4:45pm - 5:50pm,Case attended venue,24/05/2021,"Anyone who has visited this location during these times should urgently get tested, then isolate until confirmation of a negative result. Continue to monitor for symptoms, get tested again if symptoms appear."
Epping,House and Party (store) 2 Lyndarum Drive Epping VIC 3076,22/05/2021 5:15pm - 5:50pm,Case attended venue,24/05/2021,"Anyone who has visited this location during these times should urgently get tested, then isolate until confirmation of a negative result. Continue to monitor for symptoms, get tested again if symptoms appear."
Epping,JMD Grocers & Sweets 768 High Street Epping VIC 3076,17/05/2021 10:30am - 1:00pm,Case attended venue,24/05/2021,Anyone who has visited this location during these times must get tested immediately and quarantine for 14 days from the exposure.
Epping,"Nando's Epping (Dalton Rd) Shop 17 Dalton Village, 351-371 Dalton Road Epping VIC 3076",19/05/2021 8:30pm - 9:20pm,Case attended venue,24/05/2021,Anyone who has visited this location during these times must get tested immediately and quarantine for 14 days from the exposure.
Epping,The Furniture Trader 102-120 Cooper Street Epping VIC 3076,18/05/2021 12:00pm - 12:50pm,Case attended venue,24/05/2021,Anyone who has visited this location during these times must get tested immediately and quarantine for 14 days from the exposure.
Epping,"Urban Diner Food Court, Pacific Epping Shopping Centre 571-583 High Street Epping VIC 3076",23/05/2021 1:15pm - 2:30pm,Case attended Urban Diner Food Court - inside location (not outside dining precinct with individual restaurants),24/05/2021,"Anyone who has visited this location during these times should urgently get tested, then isolate until confirmation of a negative result. Continue to monitor for symptoms, get tested again if symptoms appear."
Epping,Woolworths Epping Shop Number Q003. Pacific Epping Cooper Street & High street Epping VIC 3076,20/05/2021 6:25pm - 7:15pm,Case attended venue,26/05/2021,Anyone who has visited this location during these times must get tested immediately and quarantine for 14 days from the exposure.
Epping,"Woolworths Epping North Shop 13, 2 Lyndarum Drive Epping VIC 3076",22/05/2021 4:45pm - 5:45pm,Case attended venue,24/05/2021,Anyone who has visited this location during these times must get tested immediately and quarantine for 14 days from the exposure.
Epping,The Grande Reception & Function Centre 6-8 Helm Court Epping VIC 3076,22/05/2021 6:30pm - 11:45pm,Case attended venue,28/05/2021,Anyone who has visited this location during these times must get tested immediately and quarantine for 14 days from the exposure.
Epping,Epping Spices & Nuts Grocery Store 6/1 Lyndarum Drive Epping VIC 3076,22/05/2021 9:00am - 9:00pm,Case attended venue,28/05/2021,Anyone who has visited this location during these times must get tested immediately and quarantine for 14 days from the exposure.
Epping,Epping Spices & Nuts Grocery Store 6/1 Lyndarum Drive Epping VIC 3076,24/05/2021 9:00am - 9:00pm,Case attended venue,28/05/2021,Anyone who has visited this location during these times must get tested immediately and quarantine for 14 days from the exposure.
Epping,Epping Spices & Nuts Grocery Store 6/1 Lyndarum Drive Epping VIC 3076,25/05/2021 9:00am - 9:00pm,Case attended venue,28/05/2021,Anyone who has visited this location during these times must get tested immediately and quarantine for 14 days from the exposure.
Epping,Epping Spices & Nuts Grocery Store 6/1 Lyndarum Drive Epping VIC 3076,26/05/2021 9:00am - 9:00pm,Case attended venue,28/05/2021,Anyone who has visited this location during these times must get tested immediately and quarantine for 14 days from the exposure.
Epping,Khalsa Sweets and Snacks 3 Annalise Avenue Epping VIC 3076,18/05/2021 12:20pm - 1:10pm,Case attended venue,28/05/2021,Anyone who has visited this location during these times must get tested immediately and quarantine for 14 days from the exposure.
Epping,"Indiagate Spices and Groceries Unit 14C, 560-590 High Street Epping VIC 3076",19/05/2021 9:45am - 10:30am,Case attended venue,28/05/2021,Anyone who has visited this location during these times must get tested immediately and quarantine for 14 days from the exposure.
Epping,"Pacific Epping Plaza - Cotton On, Edge, Valleygirl, Supre and Boost Juice 571 - 583 High Street Epping VIC 3076",25/05/2021 10:05am - 11:45am,Case walked around venue and attended multiple shops,29/05/2021,"Anyone who has visited this location during these times should urgently get tested, then isolate until confirmation of a negative result. Continue to monitor for symptoms, get tested again if symptoms appear."
Epping,Pacific Epping Plaza 571 - 583 High Street Epping VIC 3076,25/05/2021 10:05am - 11:45am,Case attended venue,29/05/2021,"Anyone who has visited this location during these times should monitor for symptoms - If symptoms develop, immediately get tested and isolate until you receive a negative result."
Epping,Kmart Epping Epping Plaza Shopping Center. Cnr High & Cooper Street Epping VIC 3076,22/05/2021 4:40pm - 5:30pm,Case attended venue,30/05/2021,"Anyone who has visited this location during these times should urgently get tested, then isolate until confirmation of a negative result. Continue to monitor for symptoms, get tested again if symptoms appear."
Epping,Kmart Epping Epping Plaza Shopping Center. Cnr High & Cooper Street Epping VIC 3076,26/05/2021 3:20pm - 4:10pm,Case attended venue,30/05/2021,"Anyone who has visited this location during these times should urgently get tested, then isolate until confirmation of a negative result. Continue to monitor for symptoms, get tested again if symptoms appear."
Epping,"Coles Epping Plaza Shop Q002, Epping Plaza, High Street Epping VIC 3076",24/05/2021 3:15pm - 4:15pm,Case attended venue,30/05/2021,"Anyone who has visited this location during these times should urgently get tested, then isolate until confirmation of a negative result. Continue to monitor for symptoms, get tested again if symptoms appear."
Epping,"Coles Epping Plaza Shop Q002, Epping Plaza, High Street Epping VIC 3076",19/05/2021 2:50pm - 3:20pm,Case attended,30/05/2021,"Anyone who has visited this location during these times should urgently get tested, then isolate until confirmation of a negative result. Continue to monitor for symptoms, get tested again if symptoms appear."
Epping,Chemist Warehouse (Epping Homemaker Center) 560-650 High Street Epping VIC 3076,17/05/2021 6:55pm - 7:37pm,Case attended venue,30/05/2021,"Anyone who has visited this location during these times should urgently get tested, then isolate until confirmation of a negative result. Continue to monitor for symptoms, get tested again if symptoms appear."
Epping,Chemist Warehouse (Epping Homemaker Center) 560-650 High Street Epping VIC 3076,18/05/2021 6:30pm - 7:10pm,Case attended venue,30/05/2021,"Anyone who has visited this location during these times should urgently get tested, then isolate until confirmation of a negative result. Continue to monitor for symptoms, get tested again if symptoms appear."
Epping,Walker's Donuts Epping (Pacific Epping Shopping Centre) 571-583 High Street Epping VIC 3076,19/05/2021 3:00pm - 3:40pm,Case attended,30/05/2021,"Anyone who has visited this location during these times should urgently get tested, then isolate until confirmation of a negative result. Continue to monitor for symptoms, get tested again if symptoms appear."
Epping,Commonwealth Bank Australia (CBA) Epping Branch 83-84 Cooper Street & High Street Epping VIC 3076,22/05/2021 11:15pm - 11:55pm,Case visited,30/05/2021,"Anyone who has visited this location during these times should urgently get tested, then isolate until confirmation of a negative result. Continue to monitor for symptoms, get tested again if symptoms appear."
Epping,MKS Spices'n Things Epping 1/84-88 Coopers Street Epping VIC 3076,24/05/2021 3:35pm - 4:20pm,Case shopped,30/05/2021,"Anyone who has visited this location during these times should urgently get tested, then isolate until confirmation of a negative result. Continue to monitor for symptoms, get tested again if symptoms appear."
Epping,Coles Epping Plaza Shop Q002. High Street Epping VIC 3076,24/05/2021 3:15pm - 4:15pm,Case attend venue,30/05/2021,"Anyone who has visited this location during these times should urgently get tested, then isolate until confirmation of a negative result. Continue to monitor for symptoms, get tested again if symptoms appear."
Epping,Coles Epping Plaza Shop Q002. High Street Epping VIC 3076,19/05/2021 2:50pm - 3:20pm,Case attend venue,30/05/2021,"Anyone who has visited this location during these times should urgently get tested, then isolate until confirmation of a negative result. Continue to monitor for symptoms, get tested again if symptoms appear."
Epping,JMD Grocers & Sweets 768 High Street Epping VIC 3076,22/05/2021 5:00pm - 5:45pm,Case attended venue,30/05/2021,Anyone who has visited this location during these times must get tested immediately and quarantine for 14 days from the exposure.
Epping,JMD Grocers & Sweets 768 High Street Epping VIC 3076,24/05/2021 3:50pm - 4:35pm,Case attended venue,30/05/2021,Anyone who has visited this location during these times must get tested immediately and quarantine for 14 days from the exposure.
Epping,JMD Grocers & Sweets 768 High Street Epping VIC 3076,16/05/2021 3:50pm - 4:20pm,Case attended venue,30/05/2021,Anyone who has visited this location during these times must get tested immediately and quarantine for 14 days from the exposure.
Epping,JMD Grocers & Sweets 768 High Street Epping VIC 3076,17/05/2021 6:30pm - 7:00pm,Case attended venue,30/05/2021,Anyone who has visited this location during these times must get tested immediately and quarantine for 14 days from the exposure.
Epping,Gloria Jean's Coffees Epping Plaza 583 High Street Epping VIC 3076,15/05/2021 1:50pm - 3:00pm,Case attended venue,30/05/2021,"Anyone who has visited this location during these times should urgently get tested, then isolate until confirmation of a negative result. Continue to monitor for symptoms, get tested again if symptoms appear."
Epping,Blue Sapphire Coin Laundry Epping 2A Jovic Road Epping VIC 3076,22/05/2021 10:45pm - 11:59pm,Case attended venue,30/05/2021,"Anyone who has visited this location during these times should urgently get tested, then isolate until confirmation of a negative result. Continue to monitor for symptoms, get tested again if symptoms appear."
Epping,Blue Sapphire Coin Laundry Epping 2A Jovic Road Epping VIC 3076,23/05/2021 12:00am - 12:30am,Case attended venue,30/05/2021,"Anyone who has visited this location during these times should urgently get tested, then isolate until confirmation of a negative result. Continue to monitor for symptoms, get tested again if symptoms appear."
Epping,Soprano's Pizza 746 High Street Epping VIC 3076,20/05/2021 5:50pm - 6:45pm,Case attended venue,30/05/2021,"Anyone who has visited this location during these times should urgently get tested, then isolate until confirmation of a negative result. Continue to monitor for symptoms, get tested again if symptoms appear."
Epping,Coles Epping Aurora Village 315A Harvest Home Rd Epping VIC 3076,25/05/2021 10:05pm - 10:45pm,Case attended venue,30/05/2021,"Anyone who has visited this location during these times should urgently get tested, then isolate until confirmation of a negative result. Continue to monitor for symptoms, get tested again if symptoms appear."
Epping,Liquorland Aurora Village 315A Harvest Home Rd Epping VIC 3076,24/05/2021 5:25pm - 6:05pm,Case attended venue,30/05/2021,"Anyone who has visited this location during these times should urgently get tested, then isolate until confirmation of a negative result. Continue to monitor for symptoms, get tested again if symptoms appear."
Epping,APCO Service Station Epping 828-834 High Street Epping VIC 3076,11/05/2021 10:00am - 10:30am,Case attended venue,31/05/2021,"Anyone who has visited this location during these times should monitor for symptoms - If symptoms develop, immediately get tested and isolate until you receive a negative result."
Fairfield,7-Eleven Fairfield East 324 Station street Fairfield VIC 3078,23/05/2021 7:45pm - 8:00pm,Case attended venue,26/05/2021,"Anyone who has visited this location during these times should urgently get tested, then isolate until confirmation of a negative result. Continue to monitor for symptoms, get tested again if symptoms appear."
Fingal,Peninsula Hot Springs (Bathhouse Reception Only) 140 Springs Lane Fingal VIC 3939,21/05/2021 3:00pm - 3:45pm,Case attended reception area only,29/05/2021,Anyone who has visited this location during these times must get tested immediately and quarantine for 14 days from the exposure.
Fitzroy,Peko Peko Fitzroy 199 Smith Street Fitzroy VIC 3065,22/05/2021 6:30pm - 7:45pm,Case dined at venue,27/05/2021,Anyone who has visited this location during these times must get tested immediately and quarantine for 14 days from the exposure.
Fitzroy North,Secco and Co 414 Nicholson Street Fitzroy North VIC 3068,22/05/2021 7:35pm - 8:55pm,Case attended party,26/05/2021,Anyone who has visited this location during these times must get tested immediately and quarantine for 14 days from the exposure.
Footscray,"Thai Huy Butcher Shop 144, 18 Irving Street  Footscray VIC 3011",27/05/2021 1:40pm - 2:30pm,Case attended venue,30/05/2021,Anyone who has visited this location during these times must get tested immediately and quarantine for 14 days from the exposure.
Footscray,Inday Fillipino Store 121/81 Hopkins St (Footscray Market) Footscray VIC 3011,26/05/2021 1:50pm - 2:40pm,Case attended venue,30/05/2021,Anyone who has visited this location during these times must get tested immediately and quarantine for 14 days from the exposure.
Footscray,Footscray Market 18 Irving Street Footscray VIC 3011,26/05/2021 1:50pm - 2:40pm,Case attended venue,31/05/2021,"Anyone who has visited this location during these times should urgently get tested, then isolate until confirmation of a negative result. Continue to monitor for symptoms, get tested again if symptoms appear."
Footscray,Footscray Market 18 Irving Street Footscray VIC 3011,27/05/2021 1:40pm - 2:30pm,Case attended venue,31/05/2021,"Anyone who has visited this location during these times should urgently get tested, then isolate until confirmation of a negative result. Continue to monitor for symptoms, get tested again if symptoms appear."
Glen Iris,Coles Tooronga Village Tooronga Road Glen Iris VIC 3146,23/05/2021 4:00pm - 4:30pm,Case attended venue,29/05/2021,"Anyone who has visited this location during these times should urgently get tested, then isolate until confirmation of a negative result. Continue to monitor for symptoms, get tested again if symptoms appear."
Glen Iris,Bakers Delight Tooronga Village Corner Tooronga Road and Toorka Road Glen Iris VIC 3146,23/05/2021 4:10pm - 5:00pm,Case attended venue,31/05/2021,"Anyone who has visited this location during these times should urgently get tested, then isolate until confirmation of a negative result. Continue to monitor for symptoms, get tested again if symptoms appear."
Greenvale,"Chemist Warehouse Shop 4, 212 - 220 Greenvale Drive Greenvale VIC 3059",25/05/2021 12:50pm - 1:30pm,Case attended venue,27/05/2021,"Anyone who has visited this location during these times should urgently get tested, then isolate until confirmation of a negative result. Continue to monitor for symptoms, get tested again if symptoms appear."
Greenvale,Barrymore Medical Centre 9 Barrymore Road Greenvale VIC 3059,25/05/2021 12:25pm - 1:30pm,Case attended venue,27/05/2021,Anyone who has visited this location during these times must get tested immediately and quarantine for 14 days from the exposure.
Hampton,Body Fit Training Hampton Shop 4-6/498 Hampton Street Hampton VIC 3188,24/05/2021 5:35pm - 7:00pm,Case attended venue,27/05/2021,Anyone who has visited this location during these times must get tested immediately and quarantine for 14 days from the exposure.
Hampton,Body Fit Training Hampton Shop 4-6/498 Hampton Street Hampton VIC 3188,25/05/2021 5:21pm - 7:00pm,Case attended venue,27/05/2021,Anyone who has visited this location during these times must get tested immediately and quarantine for 14 days from the exposure.
Hawthorn,Short Straw 743B Glenferrie Road Hawthorn VIC 3122,23/05/2021 11:20am - 2:20pm,Case attended,30/05/2021,Anyone who has visited this location during these times must get tested immediately and quarantine for 14 days from the exposure.
Ivanhoe,Fairy Hills Kindergarten 7 Thyer Road Ivanhoe VIC 3079,25/05/2021 9:15am - 11:00am,Case attended venue,30/05/2021,Anyone who has visited this location during these times must get tested immediately and quarantine for 14 days from the exposure.
Kalkallo,Metricon Homes Kalkallo- Cloverton Display Homes 24 Design Way Kalkallo VIC 3064,26/05/2021 2:25pm - 5:28pm,Case attended,30/05/2021,Anyone who has visited this location during these times must get tested immediately and quarantine for 14 days from the exposure.
Kalkallo,Metricon Homes Kalkallo- Cloverton Display Homes 24 Design Way Kalkallo VIC 3064,22/05/2021 1:15pm - 3:15pm,Case attended,30/05/2021,Anyone who has visited this location during these times must get tested immediately and quarantine for 14 days from the exposure.
Keilor Downs,"German Shepherd Dog Club of Victoria Western Branch Green Gully Reserve, McCrae Boulevard Keilor Downs VIC 3038",23/05/2021 9:15am - 11:20am,Case attended venue,30/05/2021,"Anyone who has visited this location during these times should urgently get tested, then isolate until confirmation of a negative result. Continue to monitor for symptoms, get tested again if symptoms appear."
Lalor,Deep Indian Supermarket 3/494 High Street Lalor VIC 3075,20/05/2021 7:00pm - 8:30pm,Case attended venue,25/05/2021,"Anyone who has visited this location during these times should urgently get tested, then isolate until confirmation of a negative result. Continue to monitor for symptoms, get tested again if symptoms appear."
Lalor,Everfresh Fruit Market 346 Station Street Lalor VIC 3075,19/05/2021 12:00pm - 1:00pm,Case attended venue,25/05/2021,"Anyone who has visited this location during these times should urgently get tested, then isolate until confirmation of a negative result. Continue to monitor for symptoms, get tested again if symptoms appear."
Lalor,Fruits of Lalor 328 Station Street Lalor VIC 3075,19/05/2021 12:00pm - 1:00pm,Case attended venue,25/05/2021,"Anyone who has visited this location during these times should urgently get tested, then isolate until confirmation of a negative result. Continue to monitor for symptoms, get tested again if symptoms appear."
Lalor,No. 1 Fruit Market 37 May Road Lalor VIC 3075,19/05/2021 12:00pm - 1:00pm,Case attended venue,25/05/2021,"Anyone who has visited this location during these times should urgently get tested, then isolate until confirmation of a negative result. Continue to monitor for symptoms, get tested again if symptoms appear."
Lalor,Everfresh Fruit Market 346 Station Street Lalor VIC 3075,14/05/2021 11:30am - 12:30pm,Case attended venue,27/05/2021,"Anyone who has visited this location during these times should urgently get tested, then isolate until confirmation of a negative result. Continue to monitor for symptoms, get tested again if symptoms appear."
Lalor,Fruits of Lalor 328 Station Street Lalor VIC 3075,14/05/2021 11:30am - 12:30pm,Case attended venue,27/05/2021,"Anyone who has visited this location during these times should urgently get tested, then isolate until confirmation of a negative result. Continue to monitor for symptoms, get tested again if symptoms appear."
Lalor,No. 1 Fruit Market 37 May Road Lalor VIC 3075,14/05/2021 11:30am - 12:30pm,Case attended venue,27/05/2021,"Anyone who has visited this location during these times should urgently get tested, then isolate until confirmation of a negative result. Continue to monitor for symptoms, get tested again if symptoms appear."
Lalor,Coles Lalor 47-71 May Road Lalor VIC 3075,18/05/2021 3:35pm - 4:25pm,Case shopped,30/05/2021,"Anyone who has visited this location during these times should urgently get tested, then isolate until confirmation of a negative result. Continue to monitor for symptoms, get tested again if symptoms appear."
Lalor,Woolworths Lalor Hurtle Street Lalor VIC 3075,25/05/2021 3:35pm - 4:25pm,Case shopped,30/05/2021,"Anyone who has visited this location during these times should urgently get tested, then isolate until confirmation of a negative result. Continue to monitor for symptoms, get tested again if symptoms appear."
Lalor,Woolworths Lalor Hurtle Street Lalor VIC 3075,26/05/2021 11:10am - 12:00pm,Case shopped,30/05/2021,"Anyone who has visited this location during these times should urgently get tested, then isolate until confirmation of a negative result. Continue to monitor for symptoms, get tested again if symptoms appear."
Lalor,The Cake Box 314 Station Street Lalor VIC 3075,18/05/2021 3:30pm - 4:10pm,Case attended venue,30/05/2021,"Anyone who has visited this location during these times should urgently get tested, then isolate until confirmation of a negative result. Continue to monitor for symptoms, get tested again if symptoms appear."
Maidstone,Arcare Maidstone Aged Care Facility (Magnolia Unit) 31 Hampstead Road Maidstone VIC 3012,26/05/2021 7:00am - 1:30pm,"Any staff member, contractor or visitor in/to the facility and attended unit 2 (Upstairs, Magnolia Unit)",31/05/2021,Anyone who has visited this location during these times must get tested immediately and quarantine for 14 days from the exposure.
Maidstone,Arcare Maidstone Aged Care Facility (Magnolia Unit) 31 Hampstead Road Maidstone VIC 3012,27/05/2021 7:00am - 1:30pm,"Any staff member, contractor or visitor in/to the facility and attended unit 2 (Upstairs, Magnolia Unit)",31/05/2021,Anyone who has visited this location during these times must get tested immediately and quarantine for 14 days from the exposure.
Maidstone,Arcare Maidstone Aged Care Facility (Magnolia Unit) 31 Hampstead Road Maidstone VIC 3012,28/05/2021 12:00am - 11:59pm,"Any staff member, contractor or visitor in/to the facility and attended unit 2 (Upstairs Magnolia Unit) any time until lockdown occurred",31/05/2021,Anyone who has visited this location during these times must get tested immediately and quarantine for 14 days from the exposure.
Maidstone,Arcare Maidstone Aged Care Facility (Magnolia Unit) 31 Hampstead Road Maidstone VIC 3012,29/05/2021 12:00am - 11:59pm,"Any staff member, contractor or visitor in/to the facility and attended unit 2 (Upstairs Magnolia Unit) any time until lockdown occurred",31/05/2021,Anyone who has visited this location during these times must get tested immediately and quarantine for 14 days from the exposure.
Maidstone,Arcare Maidstone Aged Care Facility (Communal Facilities) 31 Hampstead Road Maidstone VIC 3012,26/05/2021 7:00am - 11:59pm,"Any staff member, contractor or visitor in/to the facility who shared communal facilities (e.g. tea room or office space) with a confirmed case",31/05/2021,Anyone who has visited this location during these times must get tested immediately and quarantine for 14 days from the exposure.
Maidstone,Arcare Maidstone Aged Care Facility 31 Hampstead Road Maidstone VIC 3012,26/05/2021 12:00am - 11:59pm,Any resident who has attended or was at Arcare Maidstone in any other part of the facility from 26/05/2021 to PRESENT,31/05/2021,Anyone who has visited this location during these times must get tested immediately and quarantine for 14 days from the exposure.
Maidstone,Arcare Maidstone Aged Care Facility 31 Hampstead Road Maidstone VIC 3012,26/05/2021 7:00am - 11:59pm,Any other attendence at Arcare Maidstone since 07:00 am from 26/05/2021 until lockdown on 29/05/2021 inclusive,31/05/2021,"Anyone who has visited this location during these times should urgently get tested, then isolate until confirmation of a negative result. Continue to monitor for symptoms, get tested again if symptoms appear."
Maidstone,Arcare Maidstone Aged Care Facility (Communial Facilities) 31 Hampstead Road Maidstone VIC 3012,27/05/2021 12:00am - 11:59pm,"Any staff member, contractor or visitor in/to the facility who shared communal facilities (e.g. tea room or office space) with a confirmed case",31/05/2021,Anyone who has visited this location during these times must get tested immediately and quarantine for 14 days from the exposure.
Maidstone,Arcare Maidstone Aged Care Facility (Communal Facilities) 31 Hampstead Road Maidstone VIC 3012,28/05/2021 12:00am - 11:59pm,"Any staff member, contractor or visitor in/to the facility who shared communal facilities (e.g. tea room or office space) with a confirmed case",31/05/2021,Anyone who has visited this location during these times must get tested immediately and quarantine for 14 days from the exposure.
Maidstone,Arcare Maidstone Aged Care Facility (Communal Facilities) 31 Hampstead Road Maidstone VIC 3012,29/05/2021 12:00am - 11:59pm,"Any staff member, contractor or visitor in/to the facility who shared communal facilities (e.g. tea room or office space) with a confirmed case",31/05/2021,Anyone who has visited this location during these times must get tested immediately and quarantine for 14 days from the exposure.
Malvern East (Chadstone),Chadstone Shopping Centre 1341 Dandenong Road Malvern East (Chadstone) VIC 3148,26/05/2021 11:53am - 2:00pm,Case walked around venue: Ground floor all areas. Lower ground floor: area immediately surrounding escalators outside Target only,29/05/2021,"Anyone who has visited this location during these times should urgently get tested, then isolate until confirmation of a negative result. Continue to monitor for symptoms, get tested again if symptoms appear."
Malvern East (Chadstone),Yokozuna - Chadstone Shopping Centre 1341 Dandenong Road Malvern East (Chadstone) VIC 3148,26/05/2021 11:55am - 12:52pm,Case dined at venue,29/05/2021,Anyone who has visited this location during these times must get tested immediately and quarantine for 14 days from the exposure.
Malvern East (Chadstone),"Optus - Chadstone Shopping Centre Shop B311, 1341 Dandenong Road Malvern East (Chadstone) VIC 3148",26/05/2021 12:27pm - 1:17pm,Case shopped in store,29/05/2021,"Anyone who has visited this location during these times should urgently get tested, then isolate until confirmation of a negative result. Continue to monitor for symptoms, get tested again if symptoms appear."
Malvern East (Chadstone),Bakers Delight - Chadstone Shopping Centre 247C/ 1341 Dandenong Road Malvern East (Chadstone) VIC 3148,26/05/2021 12:40pm - 12:45pm,Case shopped at store,29/05/2021,"Anyone who has visited this location during these times should urgently get tested, then isolate until confirmation of a negative result. Continue to monitor for symptoms, get tested again if symptoms appear."
Malvern East (Chadstone),Woolworths - Chadstone Shopping Centre 1341 Dandenong Road Malvern East (Chadstone) VIC 3148,26/05/2021 1:16pm - 1:56pm,Case shopped in store,29/05/2021,"Anyone who has visited this location during these times should urgently get tested, then isolate until confirmation of a negative result. Continue to monitor for symptoms, get tested again if symptoms appear."
Malvern East (Chadstone),"Breadtop Chadstone Shop F010, 1341 Dandenong Road Malvern East (Chadstone) VIC 3145",26/05/2021 1:03pm - 1:37pm,Case attended venue,30/05/2021,"Anyone who has visited this location during these times should urgently get tested, then isolate until confirmation of a negative result. Continue to monitor for symptoms, get tested again if symptoms appear."
Malvern East (Chadstone),"QBD Books Chadstone Shop B099, 1341 Dandenong Road Malvern East (Chadstone) VIC 3145",26/05/2021 1:07pm - 1:43pm,Case attended venue,30/05/2021,"Anyone who has visited this location during these times should urgently get tested, then isolate until confirmation of a negative result. Continue to monitor for symptoms, get tested again if symptoms appear."
Maribyrnong,"Highpoint Shopping Centre, all other areas on Levels 2 and 3 excluding specific shops listed as Tier 1 sites Levels 2 & 3, 120-200 Rosamond Road Maribyrnong VIC 3032",20/05/2021 5:15pm - 6:35pm,"Case attended venue. If you attended one of the shops listed as Tier 1 (Lush Cosmetics, Toyworld, Smiggle, Kidstuff, Ishka), see specific shop instructions",24/05/2021,"Anyone who has visited this location during these times should urgently get tested, then isolate until confirmation of a negative result. Continue to monitor for symptoms, get tested again if symptoms appear."
Maribyrnong,"Ishka, Highpoint Shopping Centre Level 2, 120-200 Rosamond Road Maribyrnong VIC 3032",20/05/2021 5:45pm - 6:20pm,Case attended venue,24/05/2021,Anyone who has visited this location during these times must get tested immediately and quarantine for 14 days from the exposure.
Maribyrnong,"Kidstuff, Highpoint Shopping Centre Level 2, 120-200 Rosamond Road Maribyrnong VIC 3032",20/05/2021 5:20pm - 5:55pm,Case attended venue,24/05/2021,Anyone who has visited this location during these times must get tested immediately and quarantine for 14 days from the exposure.
Maribyrnong,"Lush Cosmetics, Highpoint Shopping Centre Level 2, 120-200 Rosamond Road Maribyrnong VIC 3032",20/05/2021 6:05pm - 6:35pm,Case attended venue,24/05/2021,Anyone who has visited this location during these times must get tested immediately and quarantine for 14 days from the exposure.
Maribyrnong,"Smiggle, Highpoint Shopping Centre Level 3, 120-200 Rosamond Road Maribyrnong VIC 3032",20/05/2021 5:55pm - 6:30pm,Case attended venue,24/05/2021,Anyone who has visited this location during these times must get tested immediately and quarantine for 14 days from the exposure.
Maribyrnong,"Toyworld, Highpoint Shopping Centre Level 2, 120-200 Rosamond Road Maribyrnong VIC 3032",20/05/2021 5:30pm - 6:20pm,Case attended venue,24/05/2021,Anyone who has visited this location during these times must get tested immediately and quarantine for 14 days from the exposure.
Maribyrnong,JB Hi Fi Shop 159-163 Rosamond Road Maribyrnong VIC 3032,23/05/2021 12:05pm - 12:15pm,Case attended venue,28/05/2021,"Anyone who has visited this location during these times should urgently get tested, then isolate until confirmation of a negative result. Continue to monitor for symptoms, get tested again if symptoms appear."
Maribyrnong,The Good Guys 2-6 Sloane Street Maribyrnong VIC 3032,23/05/2021 12:20pm - 12:35pm,Case attended venue,28/05/2021,"Anyone who has visited this location during these times should urgently get tested, then isolate until confirmation of a negative result. Continue to monitor for symptoms, get tested again if symptoms appear."
Melbourne,Bamboo House 47 Little Bourke Street Melbourne VIC 3000,21/05/2021 11:00am - 11:50am,Case attended venue,24/05/2021,Anyone who has visited this location during these times must get tested immediately and quarantine for 14 days from the exposure.
Melbourne,The Lott (St Kilda Road News) 509 St Kilda Road Melbourne VIC 3004,24/05/2021 8:03am - 8:35am,Case attended venue,30/05/2021,"Anyone who has visited this location during these times should urgently get tested, then isolate until confirmation of a negative result. Continue to monitor for symptoms, get tested again if symptoms appear."
Mernda,Caltex Mernda 1631W Plenty Road Mernda VIC 3074,25/05/2021 11:30am - 12:10pm,Case attended venue,29/05/2021,"Anyone who has visited this location during these times should urgently get tested, then isolate until confirmation of a negative result. Continue to monitor for symptoms, get tested again if symptoms appear."
Mickleham,Botanical Display Homes (Botanical Display Village) 23-25 Poppy Street Mickleham VIC 3063,23/05/2021 11:15am - 1:00pm,Case attended venue,27/05/2021,Anyone who has visited this location during these times must get tested immediately and quarantine for 14 days from the exposure.
Mickleham,Chemist Warehouse Mickleham 250 - 270 Donnybrook Road Mickleham VIC 3064,22/05/2021 1:45pm - 2:45pm,Case attended venue,29/05/2021,"Anyone who has visited this location during these times should urgently get tested, then isolate until confirmation of a negative result. Continue to monitor for symptoms, get tested again if symptoms appear."
Mickleham,Metricon Homes- Merrifield Display Homes 15 Carrington Drive Mickleham VIC 3064,25/05/2021 3:29pm - 4:47pm,Case attended,30/05/2021,Anyone who has visited this location during these times must get tested immediately and quarantine for 14 days from the exposure.
Mickleham,Metricon Homes- Botanical Display Homes 27/29 Poppy St Mickleham VIC 3064,25/05/2021 2:32pm - 3:22pm,Case attended,30/05/2021,Anyone who has visited this location during these times must get tested immediately and quarantine for 14 days from the exposure.
Mill Park,Bunnings Warehouse 761 Plenty Road Mill Park VIC 3082,20/05/2021 4:00pm - 6:30pm,Case attended venue,25/05/2021,"Anyone who has visited this location during these times should urgently get tested, then isolate until confirmation of a negative result. Continue to monitor for symptoms, get tested again if symptoms appear."
Mill Park,"Degani, Westfield Plenty Valley 415 Mcdonalds Road Mill Park VIC 3082",23/05/2021 11:30am - 2:00pm,Case attended venue,26/05/2021,Anyone who has visited this location during these times must get tested immediately and quarantine for 14 days from the exposure.
Mill Park,"Star Car Wash 1, Westfield Plenty Valley 52/415 McDonalds Rd Mill Park VIC 3082",22/05/2021 8:00am - 5:30pm,Case attended venue,28/05/2021,Anyone who has visited this location during these times must get tested immediately and quarantine for 14 days from the exposure.
Mill Park,"Star Car Wash 1, Westfield Plenty Valley 52/415 McDonalds Rd Mill Park VIC 3082",23/05/2021 8:00am - 5:30pm,Case attended venue,28/05/2021,Anyone who has visited this location during these times must get tested immediately and quarantine for 14 days from the exposure.
Mill Park,"Star Car Wash 1, Westfield Plenty Valley 52/415 McDonalds Rd Mill Park VIC 3082",25/05/2021 8:00am - 5:30pm,Case attended venue,28/05/2021,Anyone who has visited this location during these times must get tested immediately and quarantine for 14 days from the exposure.
Mill Park,"Star Car Wash 1, Westfield Plenty Valley 52/415 McDonalds Rd Mill Park VIC 3082",26/05/2021 8:00am - 5:30pm,Case attended venue,28/05/2021,Anyone who has visited this location during these times must get tested immediately and quarantine for 14 days from the exposure.
Mill Park,Coles Westfield Plenty Valley Civic Drive (415 McDonalds Rd) Mill Park VIC 3082,23/05/2021 9:00am - 9:35am,Case attended venue,30/05/2021,"Anyone who has visited this location during these times should urgently get tested, then isolate until confirmation of a negative result. Continue to monitor for symptoms, get tested again if symptoms appear."
Mill Park,Little Sparrow Westfield Plenty Valley 415 McDonalds Rd Mill Park VIC 3082,23/05/2021 8:50am - 9:25am,Case attended venue,30/05/2021,"Anyone who has visited this location during these times should urgently get tested, then isolate until confirmation of a negative result. Continue to monitor for symptoms, get tested again if symptoms appear."
Moonee Ponds,Moonee Valley Football Club - Ormond Park Spectators at (Men's 3rds Match Moonee Valley VS Hillside Sharks) 2A Pattison Steet Moonee Ponds VIC 3039,22/05/2021 12:00pm - 5:30pm,Case attended football game,27/05/2021,"Anyone who has visited this location during these times should urgently get tested, then isolate until confirmation of a negative result. Continue to monitor for symptoms, get tested again if symptoms appear."
Moonee Ponds,Moonee Valley Football Club - Ormond Park Function Room/Bar 2A Pattison Steet Moonee Ponds VIC 3039,22/05/2021 4:00pm - 6:00pm,Case attended venue,27/05/2021,Anyone who has visited this location during these times must get tested immediately and quarantine for 14 days from the exposure.
Moonee Ponds,Moonee Valley Football Club - Ormond Park (Male Change Rooms) 2A Pattison Steet Moonee Ponds VIC 3039,22/05/2021 12:00pm - 4:00pm,Case attended venue,27/05/2021,Anyone who has visited this location during these times must get tested immediately and quarantine for 14 days from the exposure.
Mordialloc,The Sporting Globe Mordialloc 590 Main Street Mordialloc VIC 3195,23/05/2021 6:17pm - 9:43pm,Case attended venue,26/05/2021,Anyone who has visited this location during these times must get tested immediately and quarantine for 14 days from the exposure.
Mount Dandenong,SkyHigh Mount Dandenong and SkyHigh Cafe 26 Observatory Road Mount Dandenong VIC 3767,15/05/2021 6:00pm - 7:50pm,Case attended venue,30/05/2021,"Anyone who has visited this location during these times should urgently get tested, then isolate until confirmation of a negative result. Continue to monitor for symptoms, get tested again if symptoms appear."
Noble Park,New Lanka Restaurant 262 Railway Parade Noble Park VIC 3175,22/05/2021 10:05am - 10:45am,Case attended venue,30/05/2021,"Anyone who has visited this location during these times should urgently get tested, then isolate until confirmation of a negative result. Continue to monitor for symptoms, get tested again if symptoms appear."
Parkdale,Adairs Parkdale Plaza Unit 6/383 Nepean Highway Parkdale VIC 3195,25/05/2021 1:00pm - 2:10pm,Case attended venue,31/05/2021,"Anyone who has visited this location during these times should urgently get tested, then isolate until confirmation of a negative result. Continue to monitor for symptoms, get tested again if symptoms appear."
Parkville,"Melbourne Swordcraft Ransford Oval, Park Street Parkville VIC 3052",21/05/2021 5:45pm - 10:30pm,Case attended venue,26/05/2021,Anyone who has visited this location during these times must get tested immediately and quarantine for 14 days from the exposure.
Point Cook,Coles Stockland Point Cook Shopping Centre 5 Main Street & Murnong Street Point Cook VIC 3030,26/05/2021 3:30pm - 5:30pm,Case attended venue,30/05/2021,Anyone who has visited this location during these times must get tested immediately and quarantine for 14 days from the exposure.
Point Cook,Sanctuary Lakes Shopping Centre 300 Point Cook Road Point Cook VIC 3030,26/05/2021 5:10pm - 6:30pm,Case attended venue,30/05/2021,"Anyone who has visited this location during these times should urgently get tested, then isolate until confirmation of a negative result. Continue to monitor for symptoms, get tested again if symptoms appear."
Point Cook,Aldi Sanctuary Lakes Shopping Centre 300 Point Cook Road Point Cook VIC 3030,26/05/2021 5:10pm - 6:30pm,Case attended venue,30/05/2021,Anyone who has visited this location during these times must get tested immediately and quarantine for 14 days from the exposure.
Point Cook,Target - Stockland Point Cook Shopping Centre Murnong Street Point Cook VIC 3030,26/05/2021 3:30pm - 5:30pm,Case attended venue,30/05/2021,Anyone who has visited this location during these times must get tested immediately and quarantine for 14 days from the exposure.
Point Cook,Stockland Point Cook Shopping Centre 5 Main Street & Murnong Street Point Cook VIC 3030,26/05/2021 3:30pm - 5:30pm,Case attended venue,31/05/2021,"Anyone who has visited this location during these times should urgently get tested, then isolate until confirmation of a negative result. Continue to monitor for symptoms, get tested again if symptoms appear."
Port Melbourne,Bay 101 Cafe 7/101 Bay Street Port Melbourne VIC 3207,24/05/2021 7:30am - 8:20am,Case sat inside venue,26/05/2021,Anyone who has visited this location during these times must get tested immediately and quarantine for 14 days from the exposure.
Port Melbourne,Port Park Cafe  7/484 Graham St Port Melbourne VIC 3207,24/05/2021 12:30pm - 1:00pm,Case attended venue,26/05/2021,Anyone who has visited this location during these times must get tested immediately and quarantine for 14 days from the exposure.
Port Melbourne,"The Local, Port Melbourne 22-24 Bay Street Port Melbourne VIC 3207",21/05/2021 1:40pm - 3:30pm,Case dined inside venue,26/05/2021,Anyone who has visited this location during these times must get tested immediately and quarantine for 14 days from the exposure.
Port Melbourne,Stratton Finance HQ 1/435 Williamstown Road Port Melbourne VIC 3207,20/05/2021 12:00am - 11:59pm,Case attended venue,26/05/2021,Anyone who has visited this location during these times must get tested immediately and quarantine for 14 days from the exposure.
Port Melbourne,Stratton Finance HQ 1/435 Williamstown Road Port Melbourne VIC 3207,21/05/2021 12:00am - 11:59pm,Case attended venue,26/05/2021,Anyone who has visited this location during these times must get tested immediately and quarantine for 14 days from the exposure.
Port Melbourne,Stratton Finance HQ 1/435 Williamstown Road Port Melbourne VIC 3207,22/05/2021 12:00am - 11:59pm,Case attended venue,26/05/2021,Anyone who has visited this location during these times must get tested immediately and quarantine for 14 days from the exposure.
Port Melbourne,Stratton Finance HQ 1/435 Williamstown Road Port Melbourne VIC 3207,23/05/2021 12:00am - 11:59pm,Case attended venue,26/05/2021,Anyone who has visited this location during these times must get tested immediately and quarantine for 14 days from the exposure.
Port Melbourne,Stratton Finance HQ 1/435 Williamstown Road Port Melbourne VIC 3207,24/05/2021 12:00am - 11:59pm,Case attended venue,26/05/2021,Anyone who has visited this location during these times must get tested immediately and quarantine for 14 days from the exposure.
Port Melbourne,Stratton Finance HQ 1/435 Williamstown Road Port Melbourne VIC 3207,25/05/2021 12:00am - 11:59pm,Case attended venue,26/05/2021,Anyone who has visited this location during these times must get tested immediately and quarantine for 14 days from the exposure.
Port Melbourne,"The Local, Port Melbourne 22-24 Bay Street Port Melbourne VIC 3207",21/05/2021 1:30pm - 3:30pm,Case dined inside venue,26/05/2021,Anyone who has visited this location during these times must get tested immediately and quarantine for 14 days from the exposure.
Port Melbourne,Hunky Dory Fish & Chips 3/181 Bay Street Port Melbourne VIC 3207,21/05/2021 12:00pm - 2:00pm,Case attended venue,27/05/2021,Anyone who has visited this location during these times must get tested immediately and quarantine for 14 days from the exposure.
Port Melbourne,Coles Port Melbourne Corner Bay and Liardet St Port Melbourne VIC 3207,24/05/2021 3:10pm - 3:45pm,Case attended venue,30/05/2021,"Anyone who has visited this location during these times should urgently get tested, then isolate until confirmation of a negative result. Continue to monitor for symptoms, get tested again if symptoms appear."
Prahran,Somewhere Bar 181 Chapel Street Prahran VIC 3181,22/05/2021 10:30pm - 1:00am,Case attended venue,26/05/2021,Anyone who has visited this location during these times must get tested immediately and quarantine for 14 days from the exposure.
Prahran,Three Monkeys  210 Chapel Street Prahran VIC 3181,22/05/2021 9:10pm - 11:00pm,Case attended venue,26/05/2021,Anyone who has visited this location during these times must get tested immediately and quarantine for 14 days from the exposure.
Prahran,Three Monkeys  210 Chapel Street Prahran VIC 3181,23/05/2021 12:30am - 2:00am,Case attended venue,26/05/2021,Anyone who has visited this location during these times must get tested immediately and quarantine for 14 days from the exposure.
Preston,Adams Reserve Playground Milton Crescent Preston VIC 3072,23/05/2021 2:15pm - 3:45pm,Case attended venue,24/05/2021,"Anyone who has visited this location during these times should urgently get tested, then isolate until confirmation of a negative result. Continue to monitor for symptoms, get tested again if symptoms appear."
Preston,ALDI Preston South 15 Dundas Street Preston VIC 3072,23/05/2021 3:45pm - 4:25pm,Case attended venue,24/05/2021,"Anyone who has visited this location during these times should urgently get tested, then isolate until confirmation of a negative result. Continue to monitor for symptoms, get tested again if symptoms appear."
Preston,Preston City Hall 284 Gower Street Preston VIC 3071,22/05/2021 9:30am - 11:00am,Case attended venue for flu vaccine,28/05/2021,Anyone who has visited this location during these times must get tested immediately and quarantine for 14 days from the exposure.
Preston,Northland Shopping Centre 2-50 Murray Road Preston VIC 3072,22/05/2021 1:15pm - 3:15pm,Case attended,30/05/2021,"Anyone who has visited this location during these times should urgently get tested, then isolate until confirmation of a negative result. Continue to monitor for symptoms, get tested again if symptoms appear."
Preston,McDonalds (Northland Shopping Centre) 2-50 Murray Road Preston VIC 3072,22/05/2021 1:55pm - 2:40pm,Case attended,30/05/2021,"Anyone who has visited this location during these times should urgently get tested, then isolate until confirmation of a negative result. Continue to monitor for symptoms, get tested again if symptoms appear."
Preston,Muffin Break (Northland Shopping Centre) 2-50 Murray Road Preston VIC 3072,22/05/2021 1:25pm - 2:00pm,Case attended,30/05/2021,"Anyone who has visited this location during these times should urgently get tested, then isolate until confirmation of a negative result. Continue to monitor for symptoms, get tested again if symptoms appear."
Preston,H&M (Northland Shopping Centre) 2-50 Murray Road Preston VIC 3072,22/05/2021 2:30pm - 3:50pm,Visited store,30/05/2021,Anyone who has visited this location during these times must get tested immediately and quarantine for 14 days from the exposure.
Preston,Salsa's Fresh Mex Grill (Northland Shopping Centre) K033/50 Murray Rd Preston VIC 3072,22/05/2021 1:10pm - 2:10pm,Case visited,30/05/2021,"Anyone who has visited this location during these times should urgently get tested, then isolate until confirmation of a negative result. Continue to monitor for symptoms, get tested again if symptoms appear."
Red Hill,Nordie Cafe 1008 Mornington-Flinders Road Red Hill VIC 3937,22/05/2021 9:09am - 9:34am,Case attended venue,26/05/2021,Anyone who has visited this location during these times must get tested immediately and quarantine for 14 days from the exposure.
Reservoir,B.T. Connor Reserve 200 Broadhurst Avenue Reservoir VIC 3073,21/05/2021 8:00pm - 11:30pm,Case attended venue,24/05/2021,"Anyone who has visited this location during these times should urgently get tested, then isolate until confirmation of a negative result. Continue to monitor for symptoms, get tested again if symptoms appear."
Reservoir,P & C Indian Grocery & Convenience Store 246 Broadway Reservoir VIC 3073,22/05/2021 6:00pm - 7:00pm,Case attended venue,22/05/2021,"Anyone who has visited this location during these times should urgently get tested, then isolate until confirmation of a negative result. Continue to monitor for symptoms, get tested again if symptoms appear."
Reservoir,Shell Coles Express Reservoir 192-202 Broadway & Whitelaw Street Reservoir VIC 3073,18/05/2021 3:15pm - 4:15pm,Case attended venue,18/05/2021,"Anyone who has visited this location during these times should urgently get tested, then isolate until confirmation of a negative result. Continue to monitor for symptoms, get tested again if symptoms appear."
Reservoir,Doctors on Broadway 210A Broadway Reservoir VIC 3073,18/05/2021 2:00pm - 3:45pm,Case attended venue,26/05/2021,Anyone who has visited this location during these times must get tested immediately and quarantine for 14 days from the exposure.
Reservoir,Edwardes Lake Playground Edwardes Lake Reservoir VIC 3073,23/05/2021 5:15pm - 6:00pm,Case attended venue,28/05/2021,"Anyone who has visited this location during these times should urgently get tested, then isolate until confirmation of a negative result. Continue to monitor for symptoms, get tested again if symptoms appear."
Reservoir,Healthy India 276 Broadway Reservoir VIC 3073,27/05/2021 9:30am - 2:00pm,Case attended venue,28/05/2021,Anyone who has visited this location during these times must get tested immediately and quarantine for 14 days from the exposure.
Reservoir,Vic Fields Summerhill Shopping Centre 850 Plenty Road Reservoir VIC 3073,18/05/2021 4:20pm - 5:30pm,Case attended venue,28/05/2021,Anyone who has visited this location during these times must get tested immediately and quarantine for 14 days from the exposure.
Reservoir,Healthy India 276 Broadway Reservoir VIC 3073,24/05/2021 8:00am - 6:00pm,Case worked at venue,30/05/2021,Anyone who has visited this location during these times must get tested immediately and quarantine for 14 days from the exposure.
Reservoir,Healthy India 276 Broadway Reservoir VIC 3073,25/05/2021 10:00am - 9:30pm,Case worked at venue,30/05/2021,Anyone who has visited this location during these times must get tested immediately and quarantine for 14 days from the exposure.
Reservoir,Healthy India 276 Broadway Reservoir VIC 3073,26/05/2021 10:00am - 9:30pm,Case worked at venue,30/05/2021,Anyone who has visited this location during these times must get tested immediately and quarantine for 14 days from the exposure.
Reservoir,Akkar Pastry 274 Broadway Reservoir VIC 3073,26/05/2021 9:50am - 10:25am,Case attended venue,30/05/2021,"Anyone who has visited this location during these times should urgently get tested, then isolate until confirmation of a negative result. Continue to monitor for symptoms, get tested again if symptoms appear."
Reservoir,My Chemist Broadway 270 Broadway Reservoir VIC 3073,25/05/2021 4:45pm - 5:25pm,Case attended venue,30/05/2021,"Anyone who has visited this location during these times should urgently get tested, then isolate until confirmation of a negative result. Continue to monitor for symptoms, get tested again if symptoms appear."
Reservoir,Metro Petroleum Reservoir 139/145 Spring Street Reservoir VIC 3073,11/05/2021 1:50pm - 2:30pm,Case attended venue,31/05/2021,"Anyone who has visited this location during these times should monitor for symptoms - If symptoms develop, immediately get tested and isolate until you receive a negative result."
Reservoir,Melbourne Kebab Station Reservoir 766A Plenty Road Reservoir VIC 3073,11/05/2021 2:00pm - 2:30pm,Case attended venue,31/05/2021,"Anyone who has visited this location during these times should monitor for symptoms - If symptoms develop, immediately get tested and isolate until you receive a negative result."
Richmond,"Melbourne Cricket Ground - Zone 4, Level 1 Brunton Avenue Richmond VIC 3002",23/05/2021 2:50pm - 6:30pm,Case attended venue,26/05/2021,"Anyone who has visited this location during these times should urgently get tested, then isolate until confirmation of a negative result. Continue to monitor for symptoms, get tested again if symptoms appear."
Richmond,"Melbourne Cricket Ground - All of the Stadium, other than Zone 4, Level 1 Brunton Avenue Richmond VIC 3002",23/05/2021 2:50pm - 6:30pm,Case attended venue,26/05/2021,"Anyone who has visited this location during these times should monitor for symptoms - If symptoms develop, immediately get tested and isolate until you receive a negative result."
Richmond,My Homes and Gifts 182-186 Victoria St Richmond VIC 3121,22/05/2021 1:00pm - 3:40pm,Case attended venue,30/05/2021,"Anyone who has visited this location during these times should urgently get tested, then isolate until confirmation of a negative result. Continue to monitor for symptoms, get tested again if symptoms appear."
Seddon,Caprice Hair & Beauty 101 Charles Street Seddon VIC 3011,22/05/2021 1:15pm - 1:40pm,Case attended venue,27/05/2021,Anyone who has visited this location during these times must get tested immediately and quarantine for 14 days from the exposure.
South Melbourne,The Palace Hotel 505-507 City Road South Melbourne VIC 3205,21/05/2021 5:45pm - 6:45pm,Case attended venue,26/05/2021,Anyone who has visited this location during these times must get tested immediately and quarantine for 14 days from the exposure.
South Melbourne,Anytime Fitness South Melbourne 63-69 Market Street South Melbourne VIC 3205,20/05/2021 6:15am - 7:15am,Case attended venue,27/05/2021,Anyone who has visited this location during these times must get tested immediately and quarantine for 14 days from the exposure.
South Melbourne,Anytime Fitness South Melbourne 63-69 Market Street South Melbourne VIC 3205,21/05/2021 6:15am - 7:15am,Case attended venue,27/05/2021,Anyone who has visited this location during these times must get tested immediately and quarantine for 14 days from the exposure.
South Melbourne,Anytime Fitness South Melbourne 63-69 Market Street South Melbourne VIC 3205,24/05/2021 6:15am - 7:15am,Case attended venue,27/05/2021,Anyone who has visited this location during these times must get tested immediately and quarantine for 14 days from the exposure.
South Melbourne,Anytime Fitness South Melbourne 63-69 Market Street South Melbourne VIC 3205,25/05/2021 6:00am - 7:00am,Case attended venue,27/05/2021,Anyone who has visited this location during these times must get tested immediately and quarantine for 14 days from the exposure.
South Melbourne,Miss China Noodle Bar (within Clarendon Centre) Shop G08/261 Clarendon Street South Melbourne VIC 3205,25/05/2021 12:40pm - 1:40pm,Case attended venue,28/05/2021,Anyone who has visited this location during these times must get tested immediately and quarantine for 14 days from the exposure.
South Melbourne,Telstra Shop Shop G01/265 Clarendon Street South Melbourne VIC 3205,24/05/2021 9:15am - 5:30pm,Case worked at venue,28/05/2021,Anyone who has visited this location during these times must get tested immediately and quarantine for 14 days from the exposure.
South Melbourne,Telstra Shop Shop G01/265 Clarendon Street South Melbourne VIC 3205,25/05/2021 9:15am - 5:30pm,Case worked at venue,28/05/2021,Anyone who has visited this location during these times must get tested immediately and quarantine for 14 days from the exposure.
South Melbourne,Hunky Dory Fish & Chips 252 Clarendon Street South Melbourne VIC 3205,24/05/2021 1:00pm - 2:00pm,Case attended venue,28/05/2021,Anyone who has visited this location during these times must get tested immediately and quarantine for 14 days from the exposure.
South Melbourne,Clarendon Centre - Female public toilets 261 Clarendon Street South Melbourne VIC 3205,25/05/2021 9:15am - 6:45pm,Case attended venue,28/05/2021,Anyone who has visited this location during these times must get tested immediately and quarantine for 14 days from the exposure.
South Melbourne,Clarendon Centre - Female public toilets 261 Clarendon Street South Melbourne VIC 3205,24/05/2021 9:15am - 6:15pm,Case attended venue,28/05/2021,Anyone who has visited this location during these times must get tested immediately and quarantine for 14 days from the exposure.
South Melbourne,Woolworths South Melbourne 113 Cecil Street South Melbourne VIC 3205,22/05/2021 1:20pm - 1:57pm,Case attended venue,30/05/2021,"Anyone who has visited this location during these times should urgently get tested, then isolate until confirmation of a negative result. Continue to monitor for symptoms, get tested again if symptoms appear."
South Melbourne,Woolworths South Melbourne 113 Cecil Street South Melbourne VIC 3205,23/05/2021 7:00pm - 8:15pm,Case attended venue,30/05/2021,"Anyone who has visited this location during these times should urgently get tested, then isolate until confirmation of a negative result. Continue to monitor for symptoms, get tested again if symptoms appear."
South Melbourne,Zoumi Cafe 70 Albert Rd South Melbourne VIC 3205,22/05/2021 10:35am - 11:05am,Case attended venue,30/05/2021,"Anyone who has visited this location during these times should urgently get tested, then isolate until confirmation of a negative result. Continue to monitor for symptoms, get tested again if symptoms appear."
South Melbourne,Australia Post South Melbourne 100 Market Street South Melbourne VIC 3205,21/05/2021 5:55pm - 6:40pm,Case attended venue,31/05/2021,"Anyone who has visited this location during these times should urgently get tested, then isolate until confirmation of a negative result. Continue to monitor for symptoms, get tested again if symptoms appear."
South Wharf,"Roll'd - DFO South Wharf DFO South Wharf, 20 Convention Center Place South Wharf VIC 3006",25/05/2021 12:15pm - 1:15pm,Case attended venue,27/05/2021,"Anyone who has visited this location during these times should urgently get tested, then isolate until confirmation of a negative result. Continue to monitor for symptoms, get tested again if symptoms appear."
South Wharf,"Boost Juice DFO DFO South Wharf, 20 Convention Center Place South Wharf VIC 3006",24/05/2021 12:15pm - 1:15pm,Case attended venue,27/05/2021,"Anyone who has visited this location during these times should urgently get tested, then isolate until confirmation of a negative result. Continue to monitor for symptoms, get tested again if symptoms appear."
South Wharf,"DFO Food Court DFO South Wharf, 20 Convention Center Place South Wharf VIC 3006",24/05/2021 12:15pm - 1:15pm,Case attended venue,27/05/2021,"Anyone who has visited this location during these times should urgently get tested, then isolate until confirmation of a negative result. Continue to monitor for symptoms, get tested again if symptoms appear."
South Yarra,Circus Bar 199 Commercial Road South Yarra VIC 3181,23/05/2021 1:30am - 4:15am,Case attended venue,26/05/2021,Anyone who has visited this location during these times must get tested immediately and quarantine for 14 days from the exposure.
South Yarra,Taco Bell Chapel Street 352 Chapel Street South Yarra VIC 3141,23/05/2021 5:30pm - 6:45pm,Case attended venue,29/05/2021,Anyone who has visited this location during these times must get tested immediately and quarantine for 14 days from the exposure.
South Yarra,Forvic Asian Supermarket 251 Malvern Road South Yarra VIC 3141,23/05/2021 5:00pm - 6:00pm,Case shopped at store,29/05/2021,"Anyone who has visited this location during these times should urgently get tested, then isolate until confirmation of a negative result. Continue to monitor for symptoms, get tested again if symptoms appear."
South Yarra,"Lee's Asian Grocery Stall 19, Prahan Market, 163 Commercial Road South Yarra VIC 3141",23/05/2021 5:00pm - 6:00pm,Case attended venue,30/05/2021,"Anyone who has visited this location during these times should urgently get tested, then isolate until confirmation of a negative result. Continue to monitor for symptoms, get tested again if symptoms appear."
South Yarra,Giant Bike Shop Unit 1/316-320 Toorak Road South Yarra VIC 3141,22/05/2021 3:21pm - 4:30pm,Case attended venue,31/05/2021,"Anyone who has visited this location during these times should urgently get tested, then isolate until confirmation of a negative result. Continue to monitor for symptoms, get tested again if symptoms appear."
Southbank,Criniti's Southbank 645 Freshwater Place Southbank VIC 3006,23/05/2021 6:00pm - 9:30pm,Case attended venue,26/05/2021,Anyone who has visited this location during these times must get tested immediately and quarantine for 14 days from the exposure.
St Kilda,Woolworths 64 Fitzroy Street St Kilda VIC 3182,27/05/2021 3:00pm - 3:30pm,Case shopped at store,29/05/2021,"Anyone who has visited this location during these times should urgently get tested, then isolate until confirmation of a negative result. Continue to monitor for symptoms, get tested again if symptoms appear."
St Kilda,McDonalds St Kilda 32 The Esplanade St Kilda VIC 3182,27/05/2021 4:10pm - 4:40pm,Case picked up take away,29/05/2021,"Anyone who has visited this location during these times should monitor for symptoms - If symptoms develop, immediately get tested and isolate until you receive a negative result."
St Kilda,St Kilda 70A Acland Street St Kilda VIC 3182,27/05/2021 4:20pm - 4:50pm,Case picked up take away,29/05/2021,"Anyone who has visited this location during these times should monitor for symptoms - If symptoms develop, immediately get tested and isolate until you receive a negative result."
St Kilda,Woolworths 117 Acland Street St Kilda VIC 3182,28/05/2021 5:00pm - 5:30pm,Case shopped in store,29/05/2021,"Anyone who has visited this location during these times should urgently get tested, then isolate until confirmation of a negative result. Continue to monitor for symptoms, get tested again if symptoms appear."
St Kilda,Galleon Cafe 9 Carlisile Street St Kilda VIC 3182,23/05/2021 1:08pm - 2:01pm,Case attended venue,30/05/2021,"Anyone who has visited this location during these times should urgently get tested, then isolate until confirmation of a negative result. Continue to monitor for symptoms, get tested again if symptoms appear."
Thomastown,ACTROL (Retail Store- refrigerator and airconditioning parts) 13-17 Brand Drive Thomastown VIC 3074,17/05/2021 12:00pm - 1:30pm,Case attended venue,25/05/2021,"Anyone who has visited this location during these times should urgently get tested, then isolate until confirmation of a negative result. Continue to monitor for symptoms, get tested again if symptoms appear."
Thomastown,White Line Automotive 2/28 Lipton Drive Thomastown VIC 3074,20/05/2021 12:00pm - 1:30pm,Case attended venue,24/05/2021,"Anyone who has visited this location during these times should urgently get tested, then isolate until confirmation of a negative result. Continue to monitor for symptoms, get tested again if symptoms appear."
Thomastown,7-Eleven Thomastown North Cnr Edgars Road & Main Street Thomastown VIC 3074,23/05/2021 5:45pm - 6:15pm,Case attended venue,28/05/2021,Anyone who has visited this location during these times must get tested immediately and quarantine for 14 days from the exposure.
Thomastown,Supa IGA Thomastown 122 Main Street Thomastown VIC 3074,24/05/2021 11:10am - 11:50am,Case attended venue,29/05/2021,"Anyone who has visited this location during these times should urgently get tested, then isolate until confirmation of a negative result. Continue to monitor for symptoms, get tested again if symptoms appear."
Thomastown,7-Eleven Thomastown North Cnr Edgars Road and Main Street Thomastown VIC 3074,24/05/2021 11:00am - 11:45am,Case attended venue,29/05/2021,"Anyone who has visited this location during these times should urgently get tested, then isolate until confirmation of a negative result. Continue to monitor for symptoms, get tested again if symptoms appear."
Thomastown,Gobind Sweets 6/350 Settlement Road Thomastown VIC 3074,27/05/2021 2:40pm - 3:10pm,Case attended venue,30/05/2021,"Anyone who has visited this location during these times should urgently get tested, then isolate until confirmation of a negative result. Continue to monitor for symptoms, get tested again if symptoms appear."
Thomastown,Slades Beverages 46/40-50 Keon Parade Thomastown VIC 3074,17/05/2021 6:00am - 2:30pm,Case attended,30/05/2021,Anyone who has visited this location during these times must get tested immediately and quarantine for 14 days from the exposure.
Thomastown,Slades Beverages 46/40-50 Keon Parade Thomastown VIC 3074,18/05/2021 6:00am - 3:00pm,Case attended,30/05/2021,Anyone who has visited this location during these times must get tested immediately and quarantine for 14 days from the exposure.
Thomastown,Slades Beverages 46/40-50 Keon Parade Thomastown VIC 3074,20/05/2021 6:00am - 3:00pm,Case attended,30/05/2021,Anyone who has visited this location during these times must get tested immediately and quarantine for 14 days from the exposure.
Thomastown,Slades Beverages 46/40-50 Keon Parade Thomastown VIC 3074,21/05/2021 6:00am - 3:00pm,Case attended,30/05/2021,Anyone who has visited this location during these times must get tested immediately and quarantine for 14 days from the exposure.
Thomastown,Slades Beverages 46/40-50 Keon Parade Thomastown VIC 3074,24/05/2021 6:00am - 3:00pm,Case attended,30/05/2021,Anyone who has visited this location during these times must get tested immediately and quarantine for 14 days from the exposure.
Thomastown,Slades Beverages 46/40-50 Keon Parade Thomastown VIC 3074,25/05/2021 6:00am - 3:00pm,Case attended,30/05/2021,Anyone who has visited this location during these times must get tested immediately and quarantine for 14 days from the exposure.
Thomastown,Slades Beverages 46/40-50 Keon Parade Thomastown VIC 3074,26/05/2021 6:00am - 3:00pm,Case attended,30/05/2021,Anyone who has visited this location during these times must get tested immediately and quarantine for 14 days from the exposure.
Thomastown,Slades Beverages 46/40-50 Keon Parade Thomastown VIC 3074,27/05/2021 6:00am - 2:30pm,Case attended,30/05/2021,Anyone who has visited this location during these times must get tested immediately and quarantine for 14 days from the exposure.
Thomastown,Slades Beverages 46/40-50 Keon Parade Thomastown VIC 3074,28/05/2021 6:00am - 2:30pm,Case attended,30/05/2021,Anyone who has visited this location during these times must get tested immediately and quarantine for 14 days from the exposure.
Thomastown,Slades Beverages 46/40-50 Keon Parade Thomastown VIC 3074,12/05/2021 2:30pm - 11:30pm,Case attended,30/05/2021,Anyone who has visited this location during these times must get tested immediately and quarantine for 14 days from the exposure.
Thomastown,Slades Beverages 46/40-50 Keon Parade Thomastown VIC 3074,13/05/2021 6:00am - 2:30pm,Case attended,30/05/2021,Anyone who has visited this location during these times must get tested immediately and quarantine for 14 days from the exposure.
Thomastown,BP Petrol Station 72 Keon Parade Thomastown VIC 3074,28/05/2021 2:40pm - 3:30pm,Case attended venue,31/05/2021,"Anyone who has visited this location during these times should monitor for symptoms - If symptoms develop, immediately get tested and isolate until you receive a negative result."
Thomastown,BP Thomastown 72 Keon Parade Thomastown VIC 3074,19/05/2021 2:30pm - 3:00pm,Case attended venue,31/05/2021,"Anyone who has visited this location during these times should monitor for symptoms - If symptoms develop, immediately get tested and isolate until you receive a negative result."
Thomastown,BP Service Station Thomastown 123 High Street Thomastown VIC 3074,20/05/2021 3:25pm - 4:10pm,Case attended venue,31/05/2021,"Anyone who has visited this location during these times should urgently get tested, then isolate until confirmation of a negative result. Continue to monitor for symptoms, get tested again if symptoms appear."
Thornbury,Little Tienda 410 Station Street Thornbury VIC 3071,22/05/2021 7:45am - 8:20am,Case attended venue,26/05/2021,Anyone who has visited this location during these times must get tested immediately and quarantine for 14 days from the exposure.
Truganina,Liberty Oil 290 Leakes Road Truganina VIC 3029,23/05/2021 7:05pm - 7:40pm,Case attended venue,31/05/2021,"Anyone who has visited this location during these times should urgently get tested, then isolate until confirmation of a negative result. Continue to monitor for symptoms, get tested again if symptoms appear."
Tullamarine,BP Tullamarine Corner of Airport Drive and Link Road Tullamarine VIC 3045,24/05/2021 10:30am - 11:30am,"Case attended venue twice on the same day, refer to other listing",27/05/2021,"Anyone who has visited this location during these times should urgently get tested, then isolate until confirmation of a negative result. Continue to monitor for symptoms, get tested again if symptoms appear."
Tullamarine,BP Tullamarine Corner of Airport Drive and Link Road Tullamarine VIC 3045,24/05/2021 4:30pm - 5:30pm,"Case attended venue twice on the same day, refer to other listing",27/05/2021,"Anyone who has visited this location during these times should urgently get tested, then isolate until confirmation of a negative result. Continue to monitor for symptoms, get tested again if symptoms appear."
Tullamarine,7-Eleven Tullamarine (Carrick Drive) 182 Melrose Drive Tullamarine VIC 3043,22/05/2021 11:50am - 11:55am,Case attended venue,27/05/2021,"Anyone who has visited this location during these times should urgently get tested, then isolate until confirmation of a negative result. Continue to monitor for symptoms, get tested again if symptoms appear."
Wantirna South,Insportz Knox 108 Lewis Road Wantirna South VIC 3152,20/05/2021 6:30pm - 8:30pm,Case attended venue,26/05/2021,Anyone who has visited this location during these times must get tested immediately and quarantine for 14 days from the exposure.
Wollert,Erol's Fruit Shop 319 Harvest Home Road Wollert VIC 3750,18/05/2021 11:25am - 12:10pm,Case attended venue,28/05/2021,Anyone who has visited this location during these times must get tested immediately and quarantine for 14 days from the exposure.
Wollert,Hamara Bazaar 315 Harvest Home Road Wollert VIC 3750,18/05/2021 10:30am - 11:30am,Case attended venue,28/05/2021,Anyone who has visited this location during these times must get tested immediately and quarantine for 14 days from the exposure.
Yarraville,Focus Health & Fitness 121-123 Hyde Street Yarraville VIC 3013,24/05/2021 6:30am - 7:30am,Case attended venue,27/05/2021,Anyone who has visited this location during these times must get tested immediately and quarantine for 14 days from the exposure.
Yarraville,Coles Yarraville Cnr Williamstown Road & High Street Yarraville VIC 3013,23/05/2021 3:00pm - 3:30pm,Case attended venue,28/05/2021,"Anyone who has visited this location during these times should urgently get tested, then isolate until confirmation of a negative result. Continue to monitor for symptoms, get tested again if symptoms appear."
Yarraville,Prestige Fruit and Vegetables 27 Anderson St Yarraville VIC 3013,24/05/2021 6:15am - 7:00am,Case attended venue,30/05/2021,"Anyone who has visited this location during these times should urgently get tested, then isolate until confirmation of a negative result. Continue to monitor for symptoms, get tested again if symptoms appear."
